job_id,workload_name,profile,submission_time,requested_number_of_resources,requested_time,success,final_state,starting_time,execution_time,finish_time,waiting_time,turnaround_time,stretch,allocated_resources,consumed_energy
1,w0,100,0.12939998594727012,4,9.16904920021773,0,COMPLETED_WALLTIME_REACHED,0.12939998594727012,9.16904920021773,9.298449186165,0.0,9.16904920021773,1.0,0-3,-1
7,w0,100,0.6977288226469189,4,4.776111772758715,0,COMPLETED_WALLTIME_REACHED,0.6977288226469189,4.776111772758715,5.473840595405634,0.0,4.776111772758715,1.0,4-7,-1
2,w0,100,0.23445938613089304,5,11.543120046494224,0,COMPLETED_WALLTIME_REACHED,9.298449186165,11.543120046494224,20.841569232659225,9.063989800034106,20.60710984652833,1.7852287564822602,0-4,-1
3,w0,100,0.27597915358490954,5,8.388651474724965,0,COMPLETED_WALLTIME_REACHED,20.841569232659225,8.388651474724965,29.23022070738419,20.565590079074315,28.95424155379928,3.451596676895984,0-4,-1
4,w0,100,0.4197155783546313,6,7.928250945474337,0,COMPLETED_WALLTIME_REACHED,29.23022070738419,7.928250945474337,37.15847165285853,28.81050512902956,36.7387560745039,4.633904290766097,0-5,-1
5,w0,100,0.5779340269091664,5,7.659657866953229,0,COMPLETED_WALLTIME_REACHED,37.15847165285853,7.659657866953229,44.81812951981176,36.58053762594936,44.24019549290259,5.775740413128916,0-4,-1
6,w0,100,0.6419059301764969,4,8.689600766943153,0,COMPLETED_WALLTIME_REACHED,44.81812951981176,8.689600766943153,53.507730286754914,44.17622358963526,52.865824356578415,6.083803591724235,0-3,-1
8,w0,100,0.7865340459149346,6,8.028286799105691,0,COMPLETED_WALLTIME_REACHED,53.507730286754914,8.028286799105691,61.53601708586061,52.72119624083998,60.74948303994567,7.566929851922186,0-5,-1
