job_id,workload_name,profile,submission_time,requested_number_of_resources,requested_time,success,final_state,starting_time,execution_time,finish_time,waiting_time,turnaround_time,stretch,allocated_resources,consumed_energy
1,w0,100,0.12939998594727012,4,9.16904920021773,0,COMPLETED_WALLTIME_REACHED,0.12939998594727012,9.16904920021773,9.298449186165,0.0,9.16904920021773,1.0,0-3,-1
2,w0,100,0.23445938613089304,5,11.543120046494224,0,COMPLETED_WALLTIME_REACHED,0.23445938613089304,11.543120046494224,11.777579432625117,0.0,11.543120046494224,1.0,4-7,-1
3,w0,100,0.27597915358490954,5,8.388651474724965,0,COMPLETED_WALLTIME_REACHED,0.27597915358490954,8.388651474724965,8.664630628309874,0.0,8.388651474724965,1.0,[],-1
4,w0,100,0.4197155783546313,6,7.928250945474337,0,COMPLETED_WALLTIME_REACHED,0.4197155783546313,7.928250945474337,8.347966523828969,0.0,7.928250945474338,1.0000000000000002,[],-1
5,w0,100,0.5779340269091664,5,7.659657866953229,0,COMPLETED_WALLTIME_REACHED,0.5779340269091664,7.659657866953229,8.237591893862396,0.0,7.659657866953229,1.0,[],-1
6,w0,100,0.6419059301764969,4,8.689600766943153,0,COMPLETED_WALLTIME_REACHED,0.6419059301764969,8.689600766943153,9.33150669711965,0.0,8.689600766943153,1.0,[],-1
7,w0,100,0.6977288226469189,4,4.776111772758715,0,COMPLETED_WALLTIME_REACHED,0.6977288226469189,4.776111772758715,5.473840595405634,0.0,4.776111772758715,1.0,[],-1
8,w0,100,0.7865340459149346,6,8.028286799105691,0,COMPLETED_WALLTIME_REACHED,0.7865340459149346,8.028286799105691,8.814820845020627,0.0,8.028286799105693,1.0000000000000002,[],-1
